id,t2m_ann_c,t2m_range_ann_c,prec_mm_per_day_ann,grid_elev_m
wadi-rum,18.12,16.16,0.11,1076.35
la-joya,16.08,10.91,0.27,1940.88
white-sands,16.33,14.44,0.75,1450.29
namib,22.42,16.07,0.22,872.18
mdrs-hanksville,11.75,13.64,0.66,1659.66
green-river,11.7,13.73,0.64,1633.85
qaidam,4.17,13.49,0.09,2741.2
channeled-scablands,9.68,11.58,0.85,548.12
tuktoyaktuk,-8.36,5.24,0.84,12.97
garwood-valley,-25.14,5.18,0.24,650.19
taylor-valley,-21.88,5.07,0.18,582.82
blackhawk,16.14,15.0,0.45,1115.58
meteor-crater,11.36,14.49,1.14,1914.92
haughton,-14.42,4.64,0.85,173.12
lonar,25.96,13.12,2.31,530.02
henbury,22.54,15.72,0.65,499.97
atacama-yungay,17.07,14.74,0.02,1261.0
salar-de-uyuni,7.48,16.59,0.91,3692.19
holuhraun,-2.84,4.1,2.36,801.56
beacon-valley,-33.67,5.72,0.39,1710.18
mistastin,-5.86,8.39,2.6,426.62
ries,8.74,9.0,2.05,470.09
lofoten,5.95,2.19,3.32,30.42
lanzarote-corona,20.12,2.35,0.3,26.63
craters-of-the-moon,5.69,12.35,1.14,1891.71
